title,link,file name
언냐들 요즘 반팔입어도될날씨노?,https://gall.dcinside.com/board/view/?id=w_entertainer&no=18027357&page=1,1650434761_20220420151155.jpg
빵른충들 리메 찾고 코즉 찾고 다패는거 봐,https://gall.dcinside.com/board/view/?id=w_entertainer&no=18027363&page=1,8F10C119-026E-4A78-896A-1956504453EC.jpeg
빵른충들 리메 찾고 코즉 찾고 다패는거 봐,https://gall.dcinside.com/board/view/?id=w_entertainer&no=18027363&page=1,8F10C119-026E-4A78-896A-1956504453EC.jpeg
빵른충들 리메 찾고 코즉 찾고 다패는거 봐,https://gall.dcinside.com/board/view/?id=w_entertainer&no=18027363&page=1,8F10C119-026E-4A78-896A-1956504453EC.jpeg
빵른충들 리메 찾고 코즉 찾고 다패는거 봐,https://gall.dcinside.com/board/view/?id=w_entertainer&no=18027363&page=1,8F10C119-026E-4A78-896A-1956504453EC.jpeg
여니는 월 천넘게 벌어도 샤넬 못사는데,https://gall.dcinside.com/board/view/?id=w_entertainer&no=18027366&page=1,681902AC-C982-4D56-A543-A4BB0C991EDE.jpeg
여니는 월 천넘게 벌어도 샤넬 못사는데,https://gall.dcinside.com/board/view/?id=w_entertainer&no=18027366&page=1,681902AC-C982-4D56-A543-A4BB0C991EDE.jpeg
여니는 월 천넘게 벌어도 샤넬 못사는데,https://gall.dcinside.com/board/view/?id=w_entertainer&no=18027366&page=1,681902AC-C982-4D56-A543-A4BB0C991EDE.jpeg
여니는 월 천넘게 벌어도 샤넬 못사는데,https://gall.dcinside.com/board/view/?id=w_entertainer&no=18027366&page=1,681902AC-C982-4D56-A543-A4BB0C991EDE.jpeg
여니는 월 천넘게 벌어도 샤넬 못사는데,https://gall.dcinside.com/board/view/?id=w_entertainer&no=18027366&page=1,681902AC-C982-4D56-A543-A4BB0C991EDE.jpeg
파친코 봊주 아큡닮았긔,https://gall.dcinside.com/board/view/?id=w_entertainer&no=18027368&page=1,Screenshot_20220420-165051_Instagram.jpg
파친코 봊주 아큡닮았긔,https://gall.dcinside.com/board/view/?id=w_entertainer&no=18027368&page=1,Screenshot_20220420-165048_Instagram.jpg
학치커 계약 분식집부터 아님?,https://gall.dcinside.com/board/view/?id=w_entertainer&no=18027371&page=1,w_entertainer-20220416-231402-000-resize.gif
줌해 자기도 머갈큰거 알고있긔?,https://gall.dcinside.com/board/view/?id=w_entertainer&no=18027373&page=1,1650360787.jpg
강아지 생매장 봤긔?,https://gall.dcinside.com/board/view/?id=w_entertainer&no=18027379&page=1,D3811C06-84FD-4D15-9308-160894CFDF5C.jpg
강아지 생매장 봤긔?,https://gall.dcinside.com/board/view/?id=w_entertainer&no=18027379&page=1,D3811C06-84FD-4D15-9308-160894CFDF5C.jpg
강아지 생매장 봤긔?,https://gall.dcinside.com/board/view/?id=w_entertainer&no=18027379&page=1,D3811C06-84FD-4D15-9308-160894CFDF5C.jpg
리메 곧 주작미스 노짱이랑 혐혼할 예정인가,https://gall.dcinside.com/board/view/?id=w_entertainer&no=18027380&page=1,1F5C0EAC-7582-4980-9E33-10370226DBFE.jpeg
리메 곧 주작미스 노짱이랑 혐혼할 예정인가,https://gall.dcinside.com/board/view/?id=w_entertainer&no=18027380&page=1,1F5C0EAC-7582-4980-9E33-10370226DBFE.jpeg
리메 곧 주작미스 노짱이랑 혐혼할 예정인가,https://gall.dcinside.com/board/view/?id=w_entertainer&no=18027380&page=1,1F5C0EAC-7582-4980-9E33-10370226DBFE.jpeg
리메앰 평균이 이거긔,https://gall.dcinside.com/board/view/?id=w_entertainer&no=18027381&page=1,6A4A4EBE-18A9-4C49-BCFF-8EB646A8FDA8.jpeg
리메앰 평균이 이거긔,https://gall.dcinside.com/board/view/?id=w_entertainer&no=18027381&page=1,A0BE38CA-8429-497B-851D-6064583B0979.jpeg
리메앰 평균이 이거긔,https://gall.dcinside.com/board/view/?id=w_entertainer&no=18027381&page=1,E3565E74-4673-4C0B-ADD9-C7461C028F30.jpeg
리메앰 평균이 이거긔,https://gall.dcinside.com/board/view/?id=w_entertainer&no=18027381&page=1,AE161BD8-A20D-4276-B694-B992A8544D10.jpeg
리메앰 평균이 이거긔,https://gall.dcinside.com/board/view/?id=w_entertainer&no=18027381&page=1,1EF51C02-E9FD-4EA9-9ABD-ADDD50A9717A.jpeg
리메앰 평균이 이거긔,https://gall.dcinside.com/board/view/?id=w_entertainer&no=18027381&page=1,53D638E6-7885-46AC-A7CD-DE85F7742A15.jpeg
리메앰 평균이 이거긔,https://gall.dcinside.com/board/view/?id=w_entertainer&no=18027381&page=1,6A4A4EBE-18A9-4C49-BCFF-8EB646A8FDA8.jpeg
리메앰 평균이 이거긔,https://gall.dcinside.com/board/view/?id=w_entertainer&no=18027381&page=1,A0BE38CA-8429-497B-851D-6064583B0979.jpeg
리메앰 평균이 이거긔,https://gall.dcinside.com/board/view/?id=w_entertainer&no=18027381&page=1,E3565E74-4673-4C0B-ADD9-C7461C028F30.jpeg
리메앰 평균이 이거긔,https://gall.dcinside.com/board/view/?id=w_entertainer&no=18027381&page=1,AE161BD8-A20D-4276-B694-B992A8544D10.jpeg
리메앰 평균이 이거긔,https://gall.dcinside.com/board/view/?id=w_entertainer&no=18027381&page=1,1EF51C02-E9FD-4EA9-9ABD-ADDD50A9717A.jpeg
리메앰 평균이 이거긔,https://gall.dcinside.com/board/view/?id=w_entertainer&no=18027381&page=1,53D638E6-7885-46AC-A7CD-DE85F7742A15.jpeg
리메앰 평균이 이거긔,https://gall.dcinside.com/board/view/?id=w_entertainer&no=18027381&page=1,6A4A4EBE-18A9-4C49-BCFF-8EB646A8FDA8.jpeg
리메앰 평균이 이거긔,https://gall.dcinside.com/board/view/?id=w_entertainer&no=18027381&page=1,A0BE38CA-8429-497B-851D-6064583B0979.jpeg
리메앰 평균이 이거긔,https://gall.dcinside.com/board/view/?id=w_entertainer&no=18027381&page=1,E3565E74-4673-4C0B-ADD9-C7461C028F30.jpeg
리메앰 평균이 이거긔,https://gall.dcinside.com/board/view/?id=w_entertainer&no=18027381&page=1,AE161BD8-A20D-4276-B694-B992A8544D10.jpeg
리메앰 평균이 이거긔,https://gall.dcinside.com/board/view/?id=w_entertainer&no=18027381&page=1,1EF51C02-E9FD-4EA9-9ABD-ADDD50A9717A.jpeg
리메앰 평균이 이거긔,https://gall.dcinside.com/board/view/?id=w_entertainer&no=18027381&page=1,53D638E6-7885-46AC-A7CD-DE85F7742A15.jpeg
확실한 건 느믹스는 설융 없었으면 노답이긔,https://gall.dcinside.com/board/view/?id=w_entertainer&no=18027385&page=1,0681221A-FDFB-451A-BB57-DF3B4F1AF698.png
확실한 건 느믹스는 설융 없었으면 노답이긔,https://gall.dcinside.com/board/view/?id=w_entertainer&no=18027385&page=1,0681221A-FDFB-451A-BB57-DF3B4F1AF698.png
확실한 건 느믹스는 설융 없었으면 노답이긔,https://gall.dcinside.com/board/view/?id=w_entertainer&no=18027385&page=1,0681221A-FDFB-451A-BB57-DF3B4F1AF698.png
리메 탈빠논문 재업하긔,https://gall.dcinside.com/board/view/?id=w_entertainer&no=18027451&page=1,2F75C657-76DD-4931-9931-6017F8E420B4.jpg
리메 탈빠논문 재업하긔,https://gall.dcinside.com/board/view/?id=w_entertainer&no=18027451&page=1,2F75C657-76DD-4931-9931-6017F8E420B4.jpg
리복에서 리메 잦내나서 꼴린다는데 띠니는,https://gall.dcinside.com/board/view/?id=w_entertainer&no=18027455&page=1,32F8774B-08A2-4E3D-802C-AEA3CAAFC8AF.jpg
정냐야…,https://gall.dcinside.com/board/view/?id=w_entertainer&no=18027459&page=1,BB006E90-9076-4C39-975B-53501328FE75.jpg
정냐야…,https://gall.dcinside.com/board/view/?id=w_entertainer&no=18027459&page=1,BB006E90-9076-4C39-975B-53501328FE75.jpg
정냐야…,https://gall.dcinside.com/board/view/?id=w_entertainer&no=18027459&page=1,BB006E90-9076-4C39-975B-53501328FE75.jpg
정냐야…,https://gall.dcinside.com/board/view/?id=w_entertainer&no=18027459&page=1,BB006E90-9076-4C39-975B-53501328FE75.jpg
정냐야…,https://gall.dcinside.com/board/view/?id=w_entertainer&no=18027459&page=1,BB006E90-9076-4C39-975B-53501328FE75.jpg
정냐야…,https://gall.dcinside.com/board/view/?id=w_entertainer&no=18027459&page=1,BB006E90-9076-4C39-975B-53501328FE75.jpg
정냐야…,https://gall.dcinside.com/board/view/?id=w_entertainer&no=18027459&page=1,BB006E90-9076-4C39-975B-53501328FE75.jpg
정냐야…,https://gall.dcinside.com/board/view/?id=w_entertainer&no=18027459&page=1,BB006E90-9076-4C39-975B-53501328FE75.jpg
정냐야…,https://gall.dcinside.com/board/view/?id=w_entertainer&no=18027459&page=1,BB006E90-9076-4C39-975B-53501328FE75.jpg
이왜진ㅋㅋㅋㅋ미쳤노,https://gall.dcinside.com/board/view/?id=w_entertainer&no=18027467&page=1,8EA06FBF-C14A-4618-B059-4E738317902C.jpg
봊친 피부ㅈㄴ하얗노,https://gall.dcinside.com/board/view/?id=w_entertainer&no=18027468&page=1,FF69521D-20E7-45DA-8B85-5F9CFC54C588.jpg
봊친 피부ㅈㄴ하얗노,https://gall.dcinside.com/board/view/?id=w_entertainer&no=18027468&page=1,FF69521D-20E7-45DA-8B85-5F9CFC54C588.jpg
설융 하관이 원래 짧은거노??,https://gall.dcinside.com/board/view/?id=w_entertainer&no=18027469&page=1,1650370859.jpg
설융 하관이 원래 짧은거노??,https://gall.dcinside.com/board/view/?id=w_entertainer&no=18027469&page=1,8329e151-5fb9-443c-8068-f029242f3eed.jpg
설융 하관이 원래 짧은거노??,https://gall.dcinside.com/board/view/?id=w_entertainer&no=18027469&page=1,aa0.jpg
성죄는 인정이란걸 안하노,https://gall.dcinside.com/board/view/?id=w_entertainer&no=18027471&page=1,w_entertainer-20220420-170008-000.jpg
알계 또올라옴,https://gall.dcinside.com/board/view/?id=w_entertainer&no=18027475&page=1,53B8E66C-7F0A-4498-9010-086FE1D9BFCE.jpg
알계 또올라옴,https://gall.dcinside.com/board/view/?id=w_entertainer&no=18027475&page=1,53B8E66C-7F0A-4498-9010-086FE1D9BFCE.jpg
알계 또올라옴,https://gall.dcinside.com/board/view/?id=w_entertainer&no=18027475&page=1,53B8E66C-7F0A-4498-9010-086FE1D9BFCE.jpg
알계 또올라옴,https://gall.dcinside.com/board/view/?id=w_entertainer&no=18027475&page=1,53B8E66C-7F0A-4498-9010-086FE1D9BFCE.jpg
이런년들은 새끼에 대한 객관화가 안되는거같음,https://gall.dcinside.com/board/view/?id=w_entertainer&no=18027476&page=1,1650441396.jpeg
성죄도 참 싼티난다 얼마나 몸을 막굴리면,https://gall.dcinside.com/board/view/?id=w_entertainer&no=18027477&page=1,edit_1650422236916.jpg
성죄도 참 싼티난다 얼마나 몸을 막굴리면,https://gall.dcinside.com/board/view/?id=w_entertainer&no=18027477&page=1,edit_1650422236916.jpg
성죄도 참 싼티난다 얼마나 몸을 막굴리면,https://gall.dcinside.com/board/view/?id=w_entertainer&no=18027477&page=1,edit_1650422236916.jpg
봊친 비계 인스타 바뀐아이디가 더 의미심장한데,https://gall.dcinside.com/board/view/?id=w_entertainer&no=18027479&page=1,A3B36A10-E5AC-4F4C-B9B7-51B2C7F431C1.jpg
봊친 비계 인스타 바뀐아이디가 더 의미심장한데,https://gall.dcinside.com/board/view/?id=w_entertainer&no=18027479&page=1,A3B36A10-E5AC-4F4C-B9B7-51B2C7F431C1.jpg
봊친 비계 인스타 바뀐아이디가 더 의미심장한데,https://gall.dcinside.com/board/view/?id=w_entertainer&no=18027479&page=1,A3B36A10-E5AC-4F4C-B9B7-51B2C7F431C1.jpg
주작미스 노짱 미친년 좆버스 보시긔 ㅋㅋ,https://gall.dcinside.com/board/view/?id=w_entertainer&no=18027481&page=1,w_entertainer-20220420-165415-000-resize.jpg
이거 코즉 맞잖아,https://gall.dcinside.com/board/view/?id=w_entertainer&no=18027482&page=1,CBBC6BF6-4ADE-4118-86BA-B355823A743A.jpg
짹에 치니까ㄹㅇ나오는데 뭐노,https://gall.dcinside.com/board/view/?id=w_entertainer&no=18027487&page=1,98986245-C0B7-4B88-B540-3A0DCE656A2B.jpg
기다렸다는듯 포카 천오백원에 팔아제끼네ㅋㅋㅋ,https://gall.dcinside.com/board/view/?id=w_entertainer&no=18027488&page=1,F9F2FBE9-2B85-4089-864F-164CFD48B598.jpg
근데 계곡살인은 증거도없고 혐의만 있는데 신상뿌려주고,https://gall.dcinside.com/board/view/?id=w_entertainer&no=18027490&page=1,36964A85-AAA3-4A99-8597-BBB3D2BD86EF.jpg
근데 계곡살인은 증거도없고 혐의만 있는데 신상뿌려주고,https://gall.dcinside.com/board/view/?id=w_entertainer&no=18027490&page=1,36964A85-AAA3-4A99-8597-BBB3D2BD86EF.jpg
판창 댓글 뭐노 이거 코즉 본인등판임?,https://gall.dcinside.com/board/view/?id=w_entertainer&no=18027493&page=1,D0FDD5CB-C384-4A3A-B75E-54D990AE61C2.jpg
판창 댓글 뭐노 이거 코즉 본인등판임?,https://gall.dcinside.com/board/view/?id=w_entertainer&no=18027493&page=1,D0FDD5CB-C384-4A3A-B75E-54D990AE61C2.jpg
꽁치킨받아가라 ㅋㅋㅋㅋㅋ 다뿌리노,https://gall.dcinside.com/board/view/?id=w_entertainer&no=18027494&page=1,image.png
기자가 설융 멕이노 ㅋㅋㅋㅋㅋ.jpg,https://gall.dcinside.com/board/view/?id=w_entertainer&no=18027498&page=1,000fgg.jpg
기자가 설융 멕이노 ㅋㅋㅋㅋㅋ.jpg,https://gall.dcinside.com/board/view/?id=w_entertainer&no=18027498&page=1,000fgg.jpg
기자가 설융 멕이노 ㅋㅋㅋㅋㅋ.jpg,https://gall.dcinside.com/board/view/?id=w_entertainer&no=18027498&page=1,000fgg.jpg
이짤 ㄹㅇ 잦여우 그자체인게 뭐냐면,https://gall.dcinside.com/board/view/?id=w_entertainer&no=18027502&page=1,E694E5A2-77B7-44BE-8B07-DE59D7016720.jpg
이짤 ㄹㅇ 잦여우 그자체인게 뭐냐면,https://gall.dcinside.com/board/view/?id=w_entertainer&no=18027502&page=1,E694E5A2-77B7-44BE-8B07-DE59D7016720.jpg
이짤 ㄹㅇ 잦여우 그자체인게 뭐냐면,https://gall.dcinside.com/board/view/?id=w_entertainer&no=18027502&page=1,E694E5A2-77B7-44BE-8B07-DE59D7016720.jpg
이짤 ㄹㅇ 잦여우 그자체인게 뭐냐면,https://gall.dcinside.com/board/view/?id=w_entertainer&no=18027502&page=1,E694E5A2-77B7-44BE-8B07-DE59D7016720.jpg
이짤 ㄹㅇ 잦여우 그자체인게 뭐냐면,https://gall.dcinside.com/board/view/?id=w_entertainer&no=18027502&page=1,E694E5A2-77B7-44BE-8B07-DE59D7016720.jpg
이건 또 뭐냐고,https://gall.dcinside.com/board/view/?id=w_entertainer&no=18027503&page=1,5F6C22F5-D376-43F3-8B7F-F092B9EE153E.jpeg
이건 또 뭐냐고,https://gall.dcinside.com/board/view/?id=w_entertainer&no=18027503&page=1,5F6C22F5-D376-43F3-8B7F-F092B9EE153E.jpeg
아 미친년들아 진짜 작작해,https://gall.dcinside.com/board/view/?id=w_entertainer&no=18027504&page=1,12589645-EDC4-46C1-9C31-E906277C4153.jpg
아 미친년들아 진짜 작작해,https://gall.dcinside.com/board/view/?id=w_entertainer&no=18027504&page=1,12589645-EDC4-46C1-9C31-E906277C4153.jpg
아 미친년들아 진짜 작작해,https://gall.dcinside.com/board/view/?id=w_entertainer&no=18027504&page=1,12589645-EDC4-46C1-9C31-E906277C4153.jpg
아 미친년들아 진짜 작작해,https://gall.dcinside.com/board/view/?id=w_entertainer&no=18027504&page=1,12589645-EDC4-46C1-9C31-E906277C4153.jpg
아 미친년들아 진짜 작작해,https://gall.dcinside.com/board/view/?id=w_entertainer&no=18027504&page=1,12589645-EDC4-46C1-9C31-E906277C4153.jpg
이건 진심 쉴드안되겠네,https://gall.dcinside.com/board/view/?id=w_entertainer&no=18027507&page=1,479A0613-1E39-4003-B853-82B8C6292AFD.jpg
이건 진심 쉴드안되겠네,https://gall.dcinside.com/board/view/?id=w_entertainer&no=18027507&page=1,479A0613-1E39-4003-B853-82B8C6292AFD.jpg
이건 진심 쉴드안되겠네,https://gall.dcinside.com/board/view/?id=w_entertainer&no=18027507&page=1,479A0613-1E39-4003-B853-82B8C6292AFD.jpg
이건 진심 쉴드안되겠네,https://gall.dcinside.com/board/view/?id=w_entertainer&no=18027507&page=1,479A0613-1E39-4003-B853-82B8C6292AFD.jpg
피부하얀봊은ㄹㅇ자지들 다좋아하나봐,https://gall.dcinside.com/board/view/?id=w_entertainer&no=18027509&page=1,E1A2B6DE-14E1-425A-BF02-D2753CD0A9C5.jpg
코즉 알계 캡쳐해옴,https://gall.dcinside.com/board/view/?id=w_entertainer&no=18027514&page=1,CD37CFA7-B195-42FC-B3D8-19F860E58B8D.gif
망하라며개혐창시발년아,https://gall.dcinside.com/board/view/?id=w_entertainer&no=18027515&page=1,military3-20201212-012058-001-resize.jpg
산저씨는 화장한 와꾸보다 쌩얼이 더 나은듯,https://gall.dcinside.com/board/view/?id=w_entertainer&no=18027516&page=1,w_entertainer-20220420-170339-000-resize.jpg
양노보고시퍼,https://gall.dcinside.com/board/view/?id=w_entertainer&no=18027518&page=1,8340A1F6-262D-43F7-8635-23260FCE2063.gif
양노보고시퍼,https://gall.dcinside.com/board/view/?id=w_entertainer&no=18027518&page=1,8340A1F6-262D-43F7-8635-23260FCE2063.gif
설융 원래 이렇게 짝눈심해?,https://gall.dcinside.com/board/view/?id=w_entertainer&no=18027519&page=1,1650441784_20220420170402.jpg
속보) 성죄 클리너 돌아감ㅋㅋㅋ,https://gall.dcinside.com/board/view/?id=w_entertainer&no=18027521&page=1,8EFB2D30-45B0-48C5-A914-066F2EF6C872.jpg
속보) 성죄 클리너 돌아감ㅋㅋㅋ,https://gall.dcinside.com/board/view/?id=w_entertainer&no=18027521&page=1,29D0AB4F-D757-4710-85A5-D732604861FE.jpg
속보) 성죄 클리너 돌아감ㅋㅋㅋ,https://gall.dcinside.com/board/view/?id=w_entertainer&no=18027521&page=1,8EFB2D30-45B0-48C5-A914-066F2EF6C872.jpg
속보) 성죄 클리너 돌아감ㅋㅋㅋ,https://gall.dcinside.com/board/view/?id=w_entertainer&no=18027521&page=1,29D0AB4F-D757-4710-85A5-D732604861FE.jpg
속보) 성죄 클리너 돌아감ㅋㅋㅋ,https://gall.dcinside.com/board/view/?id=w_entertainer&no=18027521&page=1,8EFB2D30-45B0-48C5-A914-066F2EF6C872.jpg
속보) 성죄 클리너 돌아감ㅋㅋㅋ,https://gall.dcinside.com/board/view/?id=w_entertainer&no=18027521&page=1,29D0AB4F-D757-4710-85A5-D732604861FE.jpg
속보) 성죄 클리너 돌아감ㅋㅋㅋ,https://gall.dcinside.com/board/view/?id=w_entertainer&no=18027521&page=1,8EFB2D30-45B0-48C5-A914-066F2EF6C872.jpg
속보) 성죄 클리너 돌아감ㅋㅋㅋ,https://gall.dcinside.com/board/view/?id=w_entertainer&no=18027521&page=1,29D0AB4F-D757-4710-85A5-D732604861FE.jpg
좆계 특유말투 존나 수치스럽지않노,https://gall.dcinside.com/board/view/?id=w_entertainer&no=18027522&page=1,895C6BB1-26D1-4D18-B870-BA69B8C23A19.jpg
좆계 특유말투 존나 수치스럽지않노,https://gall.dcinside.com/board/view/?id=w_entertainer&no=18027522&page=1,895C6BB1-26D1-4D18-B870-BA69B8C23A19.jpg
좆계 특유말투 존나 수치스럽지않노,https://gall.dcinside.com/board/view/?id=w_entertainer&no=18027522&page=1,895C6BB1-26D1-4D18-B870-BA69B8C23A19.jpg
좆계 특유말투 존나 수치스럽지않노,https://gall.dcinside.com/board/view/?id=w_entertainer&no=18027522&page=1,895C6BB1-26D1-4D18-B870-BA69B8C23A19.jpg
좆계 특유말투 존나 수치스럽지않노,https://gall.dcinside.com/board/view/?id=w_entertainer&no=18027522&page=1,895C6BB1-26D1-4D18-B870-BA69B8C23A19.jpg
더이상 못참을만 하긔,https://gall.dcinside.com/board/view/?id=w_entertainer&no=18027527&page=1,20220420_170455.jpg
윙족이 빠는년들은ㄹㅇ왜이러는거야,https://gall.dcinside.com/board/view/?id=w_entertainer&no=18027528&page=1,016CAE89-0CD1-4FCC-AF42-E3F3FCB7EFC8.jpg
봊나 자연스러움 뭐노,https://gall.dcinside.com/board/view/?id=w_entertainer&no=18027940&page=1,20220420-172600-007-resize.jpg
봊나 자연스러움 뭐노,https://gall.dcinside.com/board/view/?id=w_entertainer&no=18027940&page=1,20220420-172555-006-resize.jpg
봊나 자연스러움 뭐노,https://gall.dcinside.com/board/view/?id=w_entertainer&no=18027940&page=1,20220420-172551-005-resize.jpg
봊나 자연스러움 뭐노,https://gall.dcinside.com/board/view/?id=w_entertainer&no=18027940&page=1,20220420-172548-004-resize.jpg
봊나 자연스러움 뭐노,https://gall.dcinside.com/board/view/?id=w_entertainer&no=18027940&page=1,20220420-172545-003-resize.jpg
봊나 자연스러움 뭐노,https://gall.dcinside.com/board/view/?id=w_entertainer&no=18027940&page=1,20220420-172540-002-resize.jpg
봊나 자연스러움 뭐노,https://gall.dcinside.com/board/view/?id=w_entertainer&no=18027940&page=1,20220420-172600-007-resize.jpg
봊나 자연스러움 뭐노,https://gall.dcinside.com/board/view/?id=w_entertainer&no=18027940&page=1,20220420-172555-006-resize.jpg
봊나 자연스러움 뭐노,https://gall.dcinside.com/board/view/?id=w_entertainer&no=18027940&page=1,20220420-172551-005-resize.jpg
봊나 자연스러움 뭐노,https://gall.dcinside.com/board/view/?id=w_entertainer&no=18027940&page=1,20220420-172548-004-resize.jpg
봊나 자연스러움 뭐노,https://gall.dcinside.com/board/view/?id=w_entertainer&no=18027940&page=1,20220420-172545-003-resize.jpg
봊나 자연스러움 뭐노,https://gall.dcinside.com/board/view/?id=w_entertainer&no=18027940&page=1,20220420-172540-002-resize.jpg
봊나 자연스러움 뭐노,https://gall.dcinside.com/board/view/?id=w_entertainer&no=18027940&page=1,20220420-172600-007-resize.jpg
봊나 자연스러움 뭐노,https://gall.dcinside.com/board/view/?id=w_entertainer&no=18027940&page=1,20220420-172555-006-resize.jpg
봊나 자연스러움 뭐노,https://gall.dcinside.com/board/view/?id=w_entertainer&no=18027940&page=1,20220420-172551-005-resize.jpg
봊나 자연스러움 뭐노,https://gall.dcinside.com/board/view/?id=w_entertainer&no=18027940&page=1,20220420-172548-004-resize.jpg
봊나 자연스러움 뭐노,https://gall.dcinside.com/board/view/?id=w_entertainer&no=18027940&page=1,20220420-172545-003-resize.jpg
봊나 자연스러움 뭐노,https://gall.dcinside.com/board/view/?id=w_entertainer&no=18027940&page=1,20220420-172540-002-resize.jpg
짭끨이가 노무햇어 발삼이한테,https://gall.dcinside.com/board/view/?id=w_entertainer&no=18027943&page=1,B290E852-E9C0-4E13-A54F-B2CC1B1068F1.gif
